{
  "action": 0.3799999952316284,
  "adventure": 0.6000000238418579,
  "animation": 0.5600000023841858,
  "comedy": 0.5299999713897705,
  "crime": 0.4099999964237213,
  "drama": 0.3799999952316284,
  "family": 0.6700000166893005,
  "fantasy": 0.4300000071525574,
  "horror": 0.4699999988079071,
  "musical": 0.10000000149011612,
  "mystery": 0.33000001311302185,
  "romance": 0.5799999833106995,
  "scifi": 0.5199999809265137,
  "thriller": 0.47999998927116394
}