{
  "action": 0.46000000834465027,
  "adventure": 0.27000001072883606,
  "animation": 0.23999999463558197,
  "comedy": 0.27000001072883606,
  "crime": 0.38999998569488525,
  "drama": 0.5299999713897705,
  "family": 0.4300000071525574,
  "fantasy": 0.3700000047683716,
  "horror": 0.1599999964237213,
  "musical": 0.10000000149011612,
  "mystery": 0.28999999165534973,
  "romance": 0.23000000417232513,
  "scifi": 0.4000000059604645,
  "thriller": 0.5199999809265137
}